{
  "project_info": {
    "project_number": "755891610449",
    "project_id": "chatapp2021-f2df4",
    "storage_bucket": "chatapp2021-f2df4.appspot.com"
  },
  "client": [
    {
      "client_info": {
        "mobilesdk_app_id": "1:755891610449:android:02165552893dccc75c6970",
        "android_client_info": {
          "package_name": "com.jhy.chatapp"
        }
      },
      "oauth_client": [
        {
          "client_id": "755891610449-523ajoh9ecplvlphi26mgogn0e8love6.apps.googleusercontent.com",
          "client_type": 3
        }
      ],
      "api_key": [
        {
          "current_key": "AIzaSyDkhTkudjWumsUp-z561d9uZxHXpgJWgFs"
        }
      ],
      "services": {
        "appinvite_service": {
          "other_platform_oauth_client": [
            {
              "client_id": "755891610449-523ajoh9ecplvlphi26mgogn0e8love6.apps.googleusercontent.com",
              "client_type": 3
            }
          ]
        }
      }
    }
  ],
  "configuration_version": "1"
}