<comps>
<comp>
   <entpName>(주)한독</entpName>   <entpTel>010-7748-1661</entpTel>   <entpAddr>광주시 동구 신암4동</entpAddr>   <entpEmail>hong@naver.com</entpEmail></comp>
<comp>
   <entpName>(주)한독</entpName>   <entpTel>010-1253-6493</entpTel>   <entpAddr>광주시 동구 신암4동</entpAddr>   <entpEmail>kim@gmail.com</entpEmail></comp>
<comp>
   <entpName>에이프로젠제약(주)</entpName>   <entpTel>010-4895-5871</entpTel>   <entpAddr>대구시 동구 신암4동 </entpAddr>   <entpEmail>park@daum.net</entpEmail></comp>
<comp>
   <entpName>명인제약(주)</entpName>   <entpTel>010-8005-2139</entpTel>   <entpAddr>부산시 동구 신암4동</entpAddr>   <entpEmail>park@daum.net</entpEmail></comp>
<comp>
   <entpName>현대약품(주)</entpName>   <entpTel>010-3422-4149</entpTel>   <entpAddr>인천시 동구 신암4동</entpAddr>   <entpEmail>lee@gmail.com</entpEmail></comp>
<comp>
   <entpName>(주)글락소스미스클라인</entpName>   <entpTel>010-9935-2031</entpTel>   <entpAddr>부산시 동구 신암4동</entpAddr>   <entpEmail>lee@gmail.com</entpEmail></comp>
<comp>
   <entpName>(주)종근당</entpName>   <entpTel>010-2340-9663</entpTel>   <entpAddr>광주시 동구 신암4동</entpAddr>   <entpEmail>lee@gmail.com</entpEmail></comp>
<comp>
   <entpName>한국산도스(주)</entpName>   <entpTel>010-3755-3060</entpTel>   <entpAddr>대구시 동구 신암4동 </entpAddr>   <entpEmail>park@daum.net</entpEmail></comp>
<comp>
   <entpName>(주)종근당</entpName>   <entpTel>010-1986-4930</entpTel>   <entpAddr>광주시 동구 신암4동</entpAddr>   <entpEmail>kim@gmail.com</entpEmail></comp>
<comp>
   <entpName>(주)대웅제약</entpName>   <entpTel>010-4922-1719</entpTel>   <entpAddr>부산시 동구 신암4동</entpAddr>   <entpEmail>hong@naver.com</entpEmail></comp>
</comps>